domain,group_id,n_mean,y_true_rate_mean,y_hist_rate_mean,proxy_mean
hiring,0,4010.8,0.7400689346687088,0.7003733584861227,0.49943243113243135
hiring,1,3989.2,0.7326551991887568,0.10530272815549643,0.7385220708257021
loan,0,4010.8,0.30429128399532207,0.09362693150188126,0.49943243113243135
loan,1,3989.2,0.2626345911002482,0.0001017819678740628,0.7385220708257021
medical_triage,0,4010.8,0.6687995323727072,0.5959761503432359,0.49943243113243135
medical_triage,1,3989.2,0.6760190833097445,0.18372076227087972,0.7385220708257021
